-- MySQL dump 10.13  Distrib 5.5.59, for debian-linux-gnu (x86_64)
--
-- Host: localhost    Database: duvidateste
-- ------------------------------------------------------
-- Server version	5.5.59-0ubuntu0.14.04.1

/*!40101 SET @OLD_CHARACTER_SET_CLIENT=@@CHARACTER_SET_CLIENT */;
/*!40101 SET @OLD_CHARACTER_SET_RESULTS=@@CHARACTER_SET_RESULTS */;
/*!40101 SET @OLD_COLLATION_CONNECTION=@@COLLATION_CONNECTION */;
/*!40101 SET NAMES utf8 */;
/*!40103 SET @OLD_TIME_ZONE=@@TIME_ZONE */;
/*!40103 SET TIME_ZONE='+00:00' */;
/*!40014 SET @OLD_UNIQUE_CHECKS=@@UNIQUE_CHECKS, UNIQUE_CHECKS=0 */;
/*!40014 SET @OLD_FOREIGN_KEY_CHECKS=@@FOREIGN_KEY_CHECKS, FOREIGN_KEY_CHECKS=0 */;
/*!40101 SET @OLD_SQL_MODE=@@SQL_MODE, SQL_MODE='NO_AUTO_VALUE_ON_ZERO' */;
/*!40111 SET @OLD_SQL_NOTES=@@SQL_NOTES, SQL_NOTES=0 */;

--
-- Table structure for table `carreira`
--

DROP TABLE IF EXISTS `carreira`;
/*!40101 SET @saved_cs_client     = @@character_set_client */;
/*!40101 SET character_set_client = utf8 */;
CREATE TABLE `carreira` (
  `id` bigint(20) NOT NULL AUTO_INCREMENT,
  `categoria` varchar(255) DEFAULT NULL,
  `link` varchar(255) DEFAULT NULL,
  `nome` varchar(255) DEFAULT NULL,
  PRIMARY KEY (`id`)
) ENGINE=InnoDB AUTO_INCREMENT=53 DEFAULT CHARSET=latin1;
/*!40101 SET character_set_client = @saved_cs_client */;

--
-- Dumping data for table `carreira`
--

LOCK TABLES `carreira` WRITE;
/*!40000 ALTER TABLE `carreira` DISABLE KEYS */;
INSERT INTO `carreira` VALUES (1,'MOBILE','https://cursos.alura.com.br/career/desenvolvedor-android','Desenvolvedor Android'),(2,'MOBILE','https://cursos.alura.com.br/career/desenvolvedor-ios','Desenvolvedor Apple Mobile iOS'),(3,'MOBILE','https://cursos.alura.com.br/career/desenvolvimento-mobile-kotlin','Desenvolvimento mobile com Kotlin'),(4,'MOBILE','https://cursos.alura.com.br/career/desenvolvedor-mobile-cordova','Desenvolvedor Mobile Multiplataforma Cordova'),(5,'MOBILE','https://cursos.alura.com.br/career/desenvolvedor-mobile-xamarin','Desenvolvedor Mobile Multiplataforma Xamarin'),(6,'MOBILE','https://cursos.alura.com.br/career/programador-ionic','Programador Ionic'),(7,'PROGRAMACAO','https://cursos.alura.com.br/career/iniciante-em-logica-de-programacao','Iniciante em Programação'),(8,'PROGRAMACAO','https://cursos.alura.com.br/career/desenvolvedor-java-junior','Desenvolvedor Java'),(9,'PROGRAMACAO','https://cursos.alura.com.br/career/desenvolvedor-java-junior-web','Desenvolvedor Java Web'),(10,'PROGRAMACAO','https://cursos.alura.com.br/career/desenvolvedor-java-web-enterprise','Desenvolvedor Java Web Enterprise'),(11,'PROGRAMACAO','https://cursos.alura.com.br/career/desenvolvedor-java-web-spring','Desenvolvedor Java Web com Spring'),(12,'PROGRAMACAO','https://cursos.alura.com.br/career/expert-em-integracoes-de-aplicacoes-com-java','Expert em Integrações de Aplicações com Java'),(13,'PROGRAMACAO','https://cursos.alura.com.br/career/avancando-plataforma-java','Avançando na Plataforma Java'),(14,'PROGRAMACAO','https://cursos.alura.com.br/career/expert-orientacao-a-objetos','Expert em Orientação a Objetos com Java'),(15,'PROGRAMACAO','https://cursos.alura.com.br/career/desenvolvedor-aspnet-junior','Desenvolvedor ASP.NET'),(16,'PROGRAMACAO','https://cursos.alura.com.br/career/desenvolvedor-net-erudito','Desenvolvedor .NET Erudito'),(17,'PROGRAMACAO','https://cursos.alura.com.br/career/desenvolvedor-net-com-entity-framework','Desenvolvedor .NET com Entity Framework'),(18,'PROGRAMACAO','https://cursos.alura.com.br/career/desenvolvedor-php-junior','Iniciante Back-end PHP'),(19,'PROGRAMACAO','https://cursos.alura.com.br/career/desenvolvedor-php-erudito','Desenvolvedor PHP Erudito'),(20,'PROGRAMACAO','https://cursos.alura.com.br/career/desenvolvedor-python','Desenvolvedor Python'),(21,'PROGRAMACAO','https://cursos.alura.com.br/career/desenvolvedor-ruby-rails','Desenvolvedor Ruby on Rails'),(22,'PROGRAMACAO','https://cursos.alura.com.br/career/desenvolvedor-wordpress','Desenvolvedor Wordpress'),(23,'PROGRAMACAO','https://cursos.alura.com.br/career/certificacao-java','Certificação Java OCJP I'),(24,'PROGRAMACAO','https://cursos.alura.com.br/career/inteligencia-artificial-iniciante','inteligência Artificial iniciante'),(25,'PROGRAMACAO','https://cursos.alura.com.br/career/desenvolvimento-jogos-cocos-creator','Desenvolvimento de jogos com Cocos Creator'),(26,'PROGRAMACAO','https://cursos.alura.com.br/career/desenvolvimento-jogos-unity','Desenvolvimento de jogos com Unity'),(27,'PROGRAMACAO','https://cursos.alura.com.br/career/embarcados-e-iot','Embarcados e Internet das Coisas'),(28,'PROGRAMACAO','https://cursos.alura.com.br/career/desenvolvedor-web-com-flask-e-python3','Desenvolvedor Web com Flask'),(29,'PROGRAMACAO','https://cursos.alura.com.br/career/desenvolvimento-web-com-play-framework','Desenvolvimento web com Play! Framework'),(30,'FRONTEND','https://cursos.alura.com.br/career/desenvolvedor-javascript','Desenvolvedor JavaScript'),(31,'FRONTEND','https://cursos.alura.com.br/career/engenheiro-javascript','Engenheiro JavaScript'),(32,'FRONTEND','https://cursos.alura.com.br/career/desenvolvedor-front-end','Desenvolvedor Front-end'),(33,'FRONTEND','https://cursos.alura.com.br/career/engenheiro-front-end','Engenheiro Front-end'),(34,'FRONTEND','https://cursos.alura.com.br/career/programador-angular','Programador Angular 1'),(35,'FRONTEND','https://cursos.alura.com.br/career/programador-fullstack-mean','Desenvolvedor FullStack MEAN'),(36,'FRONTEND','https://cursos.alura.com.br/career/programador-angular2','Programador Angular 2'),(37,'FRONTEND','https://cursos.alura.com.br/career/programador-react','Programador React'),(38,'FRONTEND','https://cursos.alura.com.br/career/desenvolvedor-vuejs','Desenvolvedor Vue.js'),(39,'FRONTEND','https://cursos.alura.com.br/career/desenvolvedor-typescript','Desenvolvedor TypeScript'),(40,'FRONTEND','https://cursos.alura.com.br/career/node-js','Desenvolvedor Node.js'),(41,'INFRAESTRUTURA','https://cursos.alura.com.br/career/engenheiro-devops','Engenheiro Devops'),(42,'INFRAESTRUTURA','https://cursos.alura.com.br/career/certificacao-cisco-ccna','Certificação Cisco CCNA'),(43,'INFRAESTRUTURA','https://cursos.alura.com.br/career/powershell','PowerShell'),(44,'INFRAESTRUTURA','https://cursos.alura.com.br/career/certificacao-oracle','Certificação Oracle 12c: Exame 1Z0-061'),(45,'INFRAESTRUTURA','https://cursos.alura.com.br/career/infraestrutra-de-redes','Infraestrutura de redes'),(46,'INFRAESTRUTURA','https://cursos.alura.com.br/career/iniciando-com-sql-e-mysql','Iniciando com SQL e MySQL'),(47,'INFRAESTRUTURA','https://cursos.alura.com.br/career/seguranca-de-aplicacoes','Segurança de aplicações'),(48,'INFRAESTRUTURA','https://cursos.alura.com.br/career/oracle-pl-sql','Oracle SQL e PL/SQL'),(49,'INFRAESTRUTURA','https://cursos.alura.com.br/career/certificacao-lpi-linux-essentials','Certificação LPI Linux Essentials'),(50,'INFRAESTRUTURA','https://cursos.alura.com.br/career/iot','Internet das Coisas'),(51,'INFRAESTRUTURA','https://cursos.alura.com.br/career/raspberry-pi','Raspberry Pi'),(52,'BUSINESS','https://cursos.alura.com.br/career/seo-expert','SEO Expert');
/*!40000 ALTER TABLE `carreira` ENABLE KEYS */;
UNLOCK TABLES;

--
-- Table structure for table `carreira_ferramentas`
--

DROP TABLE IF EXISTS `carreira_ferramentas`;
/*!40101 SET @saved_cs_client     = @@character_set_client */;
/*!40101 SET character_set_client = utf8 */;
CREATE TABLE `carreira_ferramentas` (
  `carreira_id` bigint(20) NOT NULL,
  `ferramentas_id` bigint(20) NOT NULL,
  KEY `FKj58qj94lrfh03xj13trhua6dk` (`ferramentas_id`),
  KEY `FKliu8e42j6rwju14o6chya0exe` (`carreira_id`),
  CONSTRAINT `FKj58qj94lrfh03xj13trhua6dk` FOREIGN KEY (`ferramentas_id`) REFERENCES `ferramenta` (`id`),
  CONSTRAINT `FKliu8e42j6rwju14o6chya0exe` FOREIGN KEY (`carreira_id`) REFERENCES `carreira` (`id`)
) ENGINE=InnoDB DEFAULT CHARSET=latin1;
/*!40101 SET character_set_client = @saved_cs_client */;

--
-- Dumping data for table `carreira_ferramentas`
--

LOCK TABLES `carreira_ferramentas` WRITE;
/*!40000 ALTER TABLE `carreira_ferramentas` DISABLE KEYS */;
INSERT INTO `carreira_ferramentas` VALUES (1,56),(1,57),(1,58),(1,59),(1,60),(1,61),(2,15),(2,62),(2,143),(3,14),(3,56),(4,12),(4,13),(4,4),(4,63),(4,64),(5,2),(5,65),(5,66),(6,67),(6,68),(7,4),(7,12),(7,13),(8,1),(8,85),(9,1),(9,69),(9,70),(9,31),(9,12),(9,13),(9,17),(9,28),(9,19),(9,32),(10,1),(10,30),(10,71),(10,72),(10,37),(10,27),(10,24),(10,54),(10,55),(10,12),(10,39),(10,40),(10,33),(11,1),(11,73),(11,74),(11,33),(11,27),(11,24),(11,38),(11,12),(12,1),(12,41),(12,76),(12,77),(12,40),(12,78),(12,79),(12,80),(13,1),(13,82),(13,83),(13,84),(13,85),(13,86),(14,1),(14,81),(14,87),(14,88),(15,2),(15,89),(15,31),(15,12),(15,13),(15,90),(15,50),(16,2),(16,81),(16,87),(16,91),(16,51),(17,2),(17,89),(17,92),(17,93),(17,22),(17,19),(18,10),(18,17),(18,31),(19,10),(19,81),(19,87),(20,3),(20,12),(20,13),(20,26),(21,9),(21,94),(22,95),(22,12),(22,13),(22,10),(22,17),(23,1),(23,165),(24,11),(24,53),(24,43),(24,96),(24,3),(25,97),(26,98),(27,44),(27,49),(27,52),(27,48),(27,47),(27,45),(27,99),(27,46),(27,100),(28,3),(28,25),(28,31),(28,12),(28,13),(29,1),(29,34),(29,33),(29,27),(29,24),(29,19),(29,17),(30,4),(30,31),(30,35),(31,4),(31,101),(31,102),(32,4),(32,12),(32,13),(32,35),(33,4),(33,103),(33,31),(33,36),(33,104),(33,105),(33,106),(34,4),(34,12),(34,13),(34,68),(35,4),(35,107),(35,20),(35,68),(35,31),(35,54),(36,4),(36,68),(37,4),(37,108),(37,109),(37,110),(37,111),(38,4),(38,12),(38,13),(38,109),(38,112),(39,4),(39,113),(40,4),(40,12),(40,13),(40,31),(40,107),(40,20),(41,114),(41,32),(41,115),(41,116),(41,117),(41,118),(41,119),(41,120),(41,121),(42,122),(42,123),(42,124),(42,125),(42,126),(42,127),(43,128),(43,129),(43,130),(44,18),(44,19),(45,131),(45,132),(45,133),(46,19),(46,17),(47,133),(47,134),(47,135),(47,136),(47,137),(47,138),(47,1),(47,139),(48,18),(48,140),(49,114),(50,44),(50,49),(50,52),(50,48),(50,47),(50,45),(50,141),(51,46),(51,3),(51,142),(52,95);
/*!40000 ALTER TABLE `carreira_ferramentas` ENABLE KEYS */;
UNLOCK TABLES;

--
-- Table structure for table `curso`
--

DROP TABLE IF EXISTS `curso`;
/*!40101 SET @saved_cs_client     = @@character_set_client */;
/*!40101 SET character_set_client = utf8 */;
CREATE TABLE `curso` (
  `id` bigint(20) NOT NULL AUTO_INCREMENT,
  `link` varchar(255) DEFAULT NULL,
  `nome` varchar(255) DEFAULT NULL,
  `nome_abreviado` varchar(255) DEFAULT NULL,
  `tipo` varchar(255) DEFAULT NULL,
  PRIMARY KEY (`id`)
) ENGINE=InnoDB AUTO_INCREMENT=175 DEFAULT CHARSET=latin1;
/*!40101 SET character_set_client = @saved_cs_client */;

--
-- Dumping data for table `curso`
--

LOCK TABLES `curso` WRITE;
/*!40000 ALTER TABLE `curso` DISABLE KEYS */;
INSERT INTO `curso` VALUES (1,'https://cursos.alura.com.br/course/logica-programacao-javascript-html','Lógica de Programação I: Os primeiros programas com JavaScript e HTML','Lógica de Programação I','ALURA'),(2,'https://cursos.alura.com.br/course/logica-programacao-pratica-com-desenho-animacoes-em-jogo','Lógica de Programação II: pratique com desenhos, animações e um jogo','Lógica de Programação II','ALURA'),(3,'https://cursos.alura.com.br/course/introducao-html-css','HTML5 e CSS3 I: Suas primeiras páginas da Web','HTML5 e CSS3 I','ALURA'),(4,'https://cursos.alura.com.br/course/avancando-html-css','HTML5 e CSS3 II: Turnando as suas páginas','HTML5 e CSS3 II','ALURA'),(5,'https://cursos.alura.com.br/course/javascript-programando-na-linguagem-web','JavaScript: Programando na linguagem da web','JavaScript','ALURA'),(6,'https://cursos.alura.com.br/course/primeiros-passos-com-java','Java I: Primeiros Passos','Java I','ALURA'),(7,'https://cursos.alura.com.br/course/java-e-orientacao-a-objetos','Java II: Orientação a Objetos','Java II','ALURA'),(8,'https://cursos.alura.com.br/course/java-e-bibliotecas','Java III: Principais APIs e bibliotecas','Java III','ALURA'),(9,'https://cursos.alura.com.br/course/java-collections','Java: Dominando Collections','Java Collections','ALURA'),(10,'https://cursos.alura.com.br/course/java8-lambdas','Java 8: Tire proveito dos novos recursos da linguagem','Java 8','ALURA'),(11,'https://cursos.alura.com.br/course/http-fundamentos','HTTP: Entendendo a web por baixo dos panos','HTTP','ALURA'),(12,'https://cursos.alura.com.br/course/servlet-3-e-fundamentos-web','Servlets: Fundamentos de Java na Web','Servlets','ALURA'),(13,'https://cursos.alura.com.br/course/jstl','Java e JSTL: Tags para facilitar o desenvolvimento JSP','Java e JSTL','ALURA'),(14,'https://cursos.alura.com.br/course/introducao-a-banco-de-dados-e-sql','MySQL I: Iniciando suas consultas','MySQL I','ALURA'),(15,'https://cursos.alura.com.br/course/jdbc','Java e JDBC: Trabalhando com um banco de dados','Java e JDBC','ALURA'),(16,'https://cursos.alura.com.br/course/git','Git: Controle e compartilhe seu código','Git','ALURA'),(17,'https://cursos.alura.com.br/course/persistencia-de-objetos-com-jpa-hibernate','Java e JPA: Persista seus objetos com JPA2  e Hibernate','Java e JPA2 I','ALURA'),(18,'https://cursos.alura.com.br/course/jpa-avancado','Java e JPA: Otimizações com JPA2 e Hibernate','Java e JPA2 II','ALURA'),(19,'https://cursos.alura.com.br/course/jsf','Java e JSF I: Sua aplicação web com JSF2','Java e JSF I','ALURA'),(20,'https://cursos.alura.com.br/course/jsf-primefaces','Java e JSF2 – II: Componentes ricos com Primefaces','Java e JSF2 II','ALURA'),(21,'https://cursos.alura.com.br/course/jsf-cdi','Java e JSF2 – III: integração com CDI','Java e JSF2 III','ALURA'),(22,'https://cursos.alura.com.br/course/java-ee-webapp','Java EE parte 1: Crie sua loja online com CDI, JSF, JPA','Java EE parte 1','ALURA'),(23,'https://cursos.alura.com.br/course/java-ee-webapp-2','Java EE parte 2: Sua loja online com HTML, REST e Cache','Java EE parte 2','ALURA'),(24,'https://cursos.alura.com.br/course/java-ee-webapp-3','Java EE parte 3: Finalizando sua loja com REST, JMS, JAAS e WebSockets','Java EE parte 3','ALURA'),(25,'https://cursos.alura.com.br/course/ejb','EJB: O poder da Java EE','EJB','ALURA'),(26,'https://cursos.alura.com.br/course/maven-build-do-zero-a-web','Maven: Build do zero a web','Maven','ALURA'),(27,'https://cursos.alura.com.br/course/spring-mvc-1-criando-aplicacoes-web','Spring MVC I: Criando aplicações web','Spring MVC I','ALURA'),(28,'https://cursos.alura.com.br/course/springmvc-2-integracao-cache-seguranca-e-templates','Spring MVC II: integração, cache, segurança e templates','Spring MVC II','ALURA'),(29,'https://cursos.alura.com.br/course/springboot','Spring Boot: Agilidade no desenvolvimento java com Spring','Spring Boot','ALURA'),(30,'https://cursos.alura.com.br/course/webservices-rest-com-jaxrs-e-jersey','JAX-RS e Jersey: Domine a criação de webservices REST','JAX-RS e Jersey','ALURA'),(31,'https://cursos.alura.com.br/course/web-services-soap','JAX-WS: Domine a criação de webservices SOAP','JAX-WS','ALURA'),(32,'https://cursos.alura.com.br/course/jms','JMS e ActiveMQ: Mensageria com Java','JMS e ActiveMQ','ALURA'),(33,'https://cursos.alura.com.br/course/camel','Apache Camel: O framework de integração entre sistemas','Apache Camel','ALURA'),(34,'https://cursos.alura.com.br/course/rest-assured','Rest Assured: Testes automatizados de webservice','Rest Assured','ALURA'),(35,'https://cursos.alura.com.br/course/reflection-em-java','Java Reflection: mágica e meta programação','Java Reflection','ALURA'),(36,'https://cursos.alura.com.br/course/xml-java','Java e XML: integração, parsing e validação','Java e XML','ALURA'),(37,'https://cursos.alura.com.br/course/threads-java-1','Threads 1: Programação paralela em Java','Threads 1','ALURA'),(38,'https://cursos.alura.com.br/course/threads-java-2','Threads 2: Programação concorrente avançada','Threads 2','ALURA'),(39,'https://cursos.alura.com.br/course/eclipse','Eclipse: produtividade Extrema na IDE com Java','Eclipse','ALURA'),(40,'https://cursos.alura.com.br/course/intellij-idea-truques-para-aumentar-sua-produtividade-em-projetos-java','IntelliJ IDEA: aumente a sua produtividade em projetos java','IntelliJ IDEA','ALURA'),(41,'https://cursos.alura.com.br/course/design-patterns','Design Patterns Java I: Boas práticas de programação','Design Patterns Java I','ALURA'),(42,'https://cursos.alura.com.br/course/design-patterns-2','Design Patterns Java II: Boas práticas de programação','Design Patterns Java II','ALURA'),(43,'https://cursos.alura.com.br/course/orientacao-a-objetos-avancada-e-principios-solid','SOLID com Java: Orientação a Objetos com Java','SOLID com Java','ALURA'),(44,'https://cursos.alura.com.br/course/tdd','Testes: TDD com Java','TDD com Java','ALURA'),(45,'https://cursos.alura.com.br/course/teste-de-integracao','Teste de Integração: Testes SQL e DAOs automatizados em Java','Teste de Integração com Java','ALURA'),(46,'https://cursos.alura.com.br/course/fundamentos-de-csharp','C# I: Fundamentos da linguagem','C# I','ALURA'),(47,'https://cursos.alura.com.br/course/csharp-orientacao-a-objetos','C# II: Orientação a Objetos','C# II','ALURA'),(48,'https://cursos.alura.com.br/course/csharp-topicos-avancados','C# III: Lidando com exceções, manipulando arquivos e listas','C# III','ALURA'),(49,'https://cursos.alura.com.br/course/entity-framework-core','Entity Framework Core: Banco de dados de forma eficiente','Entity Framework Core','ALURA'),(50,'https://cursos.alura.com.br/course/desenvolvimento-web-asp-net-mvc-5','ASP.NET MVC 5: O framework pronto para web','ASP.NET MVC 5','ALURA'),(51,'https://cursos.alura.com.br/course/design-patterns-dotnet','Design Patterns C# I: Boas práticas de programação','Design Patterns C# I','ALURA'),(52,'https://cursos.alura.com.br/course/design-patterns-2-dot-net','Design Patterns C# II: Boas práticas de programação','Design Patterns C# II','ALURA'),(53,'https://cursos.alura.com.br/course/orientacao-a-objetos-avancada-e-principios-solid-csharp','SOLID com C#: Orientação a Objetos com C#','SOLID com C#','ALURA'),(54,'https://cursos.alura.com.br/course/test-driven-development-tdd-dotnet','Testes: TDD com C#','TDD com C#','ALURA'),(55,'https://cursos.alura.com.br/course/reflection-parte-1','C# Reflection parte 1: Metadados do seu código .NET','C# Reflection','ALURA'),(56,'https://cursos.alura.com.br/course/sqlserver','SQLServer I: desvendando o banco de dados','SQLServer I','ALURA'),(57,'https://cursos.alura.com.br/course/entity-framework','Entity Framework: Banco de dados de forma eficiente','Entity Framework','ALURA'),(58,'https://cursos.alura.com.br/course/linq-c-sharp','Entity LinQ parte 1: Crie queries poderosas em C#','Entity LinQ parte 1','ALURA'),(59,'https://cursos.alura.com.br/course/linq-c-sharp-parte-2','Entity LinQ parte 2: Store procedures e consultas com LinQPad','Entity LinQ parte 2','ALURA'),(60,'https://cursos.alura.com.br/course/entity-framework-core-banco-pre-existente-parte1','Entity Framework Core parte 1: Mapeando um banco pré-existente','Entity Framework Core parte 1','ALURA'),(61,'https://cursos.alura.com.br/course/entity-framework-core-banco-pre-existente-parte2','Entity Framework Core parte 2: Mapeando um banco pré-existente','Entity Framework Core parte 2','ALURA'),(62,'https://cursos.alura.com.br/course/php-mysql-e-fundamentos-da-web','PHP e MySQL I: Fundamentos para criar um sistema na Web','PHP e MySQL I','ALURA'),(63,'https://cursos.alura.com.br/course/php-mysql-e-fundamentos-da-web-parte-2','PHP e MySQL II: Cookies, sessões e mais recursos','PHP e MySQL II','ALURA'),(64,'https://cursos.alura.com.br/course/php-oo-1','PHP I: Orientação a objetos com sua linguagem preferida','PHP I','ALURA'),(65,'https://cursos.alura.com.br/course/php-oo-2','PHP II: Avançando com Orientação a objetos','PHP II','ALURA'),(66,'https://cursos.alura.com.br/course/design-pattern-php','Design Patterns PHP I: Boas práticas de programação','Design Patterns PHP I','ALURA'),(67,'https://cursos.alura.com.br/course/design-patterns-php-2','Design Patterns PHP II: Boas práticas de programação','Design Patterns PHP II','ALURA'),(68,'https://cursos.alura.com.br/course/orientacao-a-objetos-avancada-e-principios-solid-php','SOLID com PHP: Orientação a Objetos com PHP','SOLID com PHP','ALURA'),(69,'https://cursos.alura.com.br/course/testes-com-php-unit','Testes: TDD com PHP','TDD com PHP','ALURA'),(70,'https://cursos.alura.com.br/course/introducao-ao-python','Python 2: Programando com a linguagem','Python 2','ALURA'),(71,'https://cursos.alura.com.br/course/python-3-introducao-a-nova-versao-da-linguagem','Python 3 parte 1: Introdução à nova versão da linguagem','Python 3 parte 1','ALURA'),(72,'https://cursos.alura.com.br/course/python-3-avancando-na-linguagem','Python 3 parte 2: Avançando na linguagem','Python 3 parte 2','ALURA'),(73,'https://cursos.alura.com.br/course/python-3-intro-orientacao-objetos','Python 3: introdução a Orientação a objetos','Python 3 OO','ALURA'),(74,'https://cursos.alura.com.br/course/introducao-ao-django','Django: programação web com Python e simplicidade','Django','ALURA'),(75,'https://cursos.alura.com.br/course/design-patterns-python','Design Patterns Python I: Boas práticas de programação','Design Patterns Python I','ALURA'),(76,'https://cursos.alura.com.br/course/design-patterns-python-2','Design Patterns Python II: Boas práticas de programação','Design Patterns Python II','ALURA'),(77,'https://cursos.alura.com.br/course/introducao-a-programacao-com-ruby-e-jogos-1','Ruby I: Introdução a lógica de programação com jogos','Ruby I','ALURA'),(78,'https://cursos.alura.com.br/course/introducao-a-programacao-com-ruby-e-jogos-2','Ruby II: Continuando seus primeiros passos na programação','Ruby II','ALURA'),(79,'https://cursos.alura.com.br/course/introducao-a-programacao-com-ruby-e-jogos-3','Ruby III: Mais lógica de programação em um novo jogo','Ruby III','ALURA'),(80,'https://cursos.alura.com.br/course/ruby-on-rails-4-do-zero','Ruby on Rails 4: do zero à web','Ruby on Rails 4','ALURA'),(81,'https://cursos.alura.com.br/course/orientacao-objetos-ruby','Orientação a Objetos: Melhores técnicas com Ruby','Orientação a Objetos','ALURA'),(82,'https://cursos.alura.com.br/course/wordpress-hospedagem-administracao-widgets','Wordpress I: hospedagem, administração e widgets','Wordpress I','ALURA'),(83,'https://cursos.alura.com.br/course/wordpress-paginas-temas-boas-praticas','Wordpress II: páginas, temas e boas práticas','Wordpress II','ALURA'),(84,'https://cursos.alura.com.br/course/wordpress-criacao-tema-zero','Wordpress: Criação de um tema do zero','Wordpress','ALURA'),(85,'https://cursos.alura.com.br/course/seo-wordpress','SEO Wordpress: Otimize o ranqueamento do seu site','SEO Wordpress','ALURA'),(86,'https://cursos.alura.com.br/course/certificacao-java-basico','Certificação Java SE 7 Programmer I: O Básico de Java','Certificação Java SE 7 Programmer I: O Básico de Java','ALURA'),(87,'https://cursos.alura.com.br/course/certificacao-java-tipos-de-dados','Certificação Java SE 7 Programmer I: Tipos de Dados','Certificação Java SE 7 Programmer I: Tipos de Dados','ALURA'),(88,'https://cursos.alura.com.br/course/certificacao-java-operadores-decisao','Certificação Java SE 7 Programmer I: Operadores','Certificação Java SE 7 Programmer I: Operadores','ALURA'),(89,'https://cursos.alura.com.br/course/certificacao-java-usando-arrays','Certificação Java SE 7 Programmer I: Criando e usando Arrays','Certificação Java SE 7 Programmer I: Criando e usando Arrays','ALURA'),(90,'https://cursos.alura.com.br/course/certificacao-java-loops','Certificação Java SE 7 Programmer I: Laços','Certificação Java SE 7 Programmer I: Laços','ALURA'),(91,'https://cursos.alura.com.br/course/certificacao-java-metodos-encapsulamento','Certificação Java SE 7 Programmer I: Métodos e encapsulamento','Certificação Java SE 7 Programmer I: Métodos e encapsulamento','ALURA'),(92,'https://cursos.alura.com.br/course/certificacao-java-heranca','Certificação Java SE 7 Programmer I: Relações entre classes','Certificação Java SE 7 Programmer I: Relações entre classes','ALURA'),(93,'https://cursos.alura.com.br/course/certificacao-java-excecoes','Certificação Java SE 7 Programmer I: Lidando com exceções','Certificação Java SE 7 Programmer I: Lidando com exceções','ALURA'),(94,'https://cursos.alura.com.br/course/certificacao-java-lambdas-api-de-datas','Certificação Java SE 7 Programmer I: Conteúdo além da prova','Certificação Java SE 7 Programmer I: Conteúdo além da prova','ALURA'),(95,'https://cursos.alura.com.br/course/introducao-a-estatistica-1','Estatística I: Entenda seus dados com R','Estatística I','ALURA'),(96,'https://cursos.alura.com.br/course/introducao-a-estatistica-2','Estatística II: Aprofundando em hipóteses e correlações','Estatística II','ALURA'),(97,'https://cursos.alura.com.br/course/introducao-a-machine-learning-com-classificacao','Machine Learning: Introdução a classificação','Machine Learning I','ALURA'),(98,'https://cursos.alura.com.br/course/machine-learning-classificacao-ii','Machine Learning II: Avançando com tipos diferentes de classificação','Machine Learning II','ALURA'),(99,'https://cursos.alura.com.br/course/machine-learning-introducao-aos-sistemas-de-recomendacoes','Machine Learning: Introdução ao sistemas de recomendações','Machine Learning','ALURA'),(100,'https://cursos.alura.com.br/course/chatbot-watson-conversation','Chatbot parte 1: Começando com as conversas inteligentes usando o Watson','Chatbot parte 1','ALURA'),(101,'https://cursos.alura.com.br/course/chatbot-parte-2-comunicando-sua-app-com-o-bot','Chatbot parte 2: Avançando e integrando o bot','Chatbot parte 2','ALURA'),(102,'https://cursos.alura.com.br/course/cocos-creator','Cocos Creator parte 1: Simplificando o desenvolvimento de jogos para Web','Cocos Creator parte 1','ALURA'),(103,'https://cursos.alura.com.br/course/cocos-creator-parte2','Cocos Creator parte 2: Aprimore os conhecimentos com a engine','Cocos Creator parte 2','ALURA'),(104,'https://cursos.alura.com.br/course/criacao-de-jogos-com-unity','Unity parte 1: Criação de um jogo de sobrevivência à zumbis para Web','Unity parte 1','ALURA'),(105,'https://cursos.alura.com.br/course/criacao-de-jogos-com-unity-2','Unity parte 2: Iluminação, interface e boas práticas','Unity parte 2','ALURA'),(106,'https://cursos.alura.com.br/course/arduino','Arduino: Do zero ao jogo','Arduino: Do zero ao jogo','ALURA'),(107,'https://cursos.alura.com.br/course/arduino-robotica','Arduino: Introdução à Robótica','Arduino: Introdução à Robótica','ALURA'),(108,'https://cursos.alura.com.br/course/iot-com-nodemcu','Internet das Coisas: Medindo e publicando dados com NodeMcu e MQTT','Internet das Coisas: Medindo e publicando dados com NodeMcu e MQTT','ALURA'),(109,'https://cursos.alura.com.br/course/iot-amazon-alexa','Internet das Coisas: Controle seu ambiente com Amazon Alexa','Internet das Coisas: Controle seu ambiente com Amazon Alexa','ALURA'),(110,'https://cursos.alura.com.br/course/amazon-iot','Internet das Coisas: Conecte dispositivos à nuvem com Amazon IoT','Internet das Coisas: Conecte dispositivos à nuvem com Amazon IoT','ALURA'),(111,'https://cursos.alura.com.br/course/raspberrypi-da-instalacao-ao-media-center','Raspberry Pi: Da instalação ao Media Center','Raspberry Pi: Da instalação ao Media Center','ALURA'),(112,'https://cursos.alura.com.br/course/raspberrypi-controlando-o-mundo-com-gpio','Raspberry Pi: Controlando o mundo com GPIO','Raspberry Pi: Controlando o mundo com GPIO','ALURA'),(113,'https://cursos.alura.com.br/course/raspberrypi-carro-espiao-com-camera-wifi-e-sensor','Raspberry Pi: carro espião com câmera, wifi e sensor','Raspberry Pi: carro espião com câmera, wifi e sensor','ALURA'),(114,'https://cursos.alura.com.br/course/flask-rotas-templates-autenticacao','Flask parte 1: Crie uma webapp com Python 3','Flask parte 1','ALURA'),(115,'https://cursos.alura.com.br/course/flask-upload-persistencia-javascript-jquery','Flask parte 2: Avançando no desenvolvimento web','Flask parte 2','ALURA'),(116,'https://cursos.alura.com.br/course/play-api','Play! Framework I: Crie webapps de modo rápido e fácil','Play! Framework I','ALURA'),(117,'https://cursos.alura.com.br/course/play-seguranca','Play! Framework II: Envie e-mails e desenvolva sistemas de autenticação e segurança','Play! Framework II','ALURA'),(118,'https://cursos.alura.com.br/course/expressoes-regulares','Expressões regulares: Capturando textos de forma mágica','Expressões regulares','ALURA'),(119,'https://cursos.alura.com.br/course/jquery-a-biblioteca-do-mercado','jQuery: Domine a biblioteca mais popular do mercado','jQuery parte 1','ALURA'),(120,'https://cursos.alura.com.br/course/jquery-a-biblioteca-do-mercado-parte-2','jQuery: Avance na biblioteca mais popular do mercado parte 2','jQuery parte 2','ALURA'),(121,'https://cursos.alura.com.br/course/projeto-carreira-javascript','JavaScript: Projeto de conclusão','JavaScript: Projeto de conclusão','ALURA'),(122,'https://cursos.alura.com.br/course/javascript-es6-orientacao-a-objetos-parte-1','JavaScript avançado I: ES6, orientação a objetos e padrões de projetos','JavaScript Avançado I','ALURA'),(123,'https://cursos.alura.com.br/course/javascript-es6-orientacao-a-objetos-parte-2','JavaScript Avançado II: ES6, orietanção a objetos e padrões de projetos','JavaScript Avançado II','ALURA'),(124,'https://cursos.alura.com.br/course/javascript-es6-orientacao-a-objetos-parte-3','JavaScript Avançado III: ES6, orientação a objetos e padrões de projetos','JavaScript Avançado III','ALURA'),(125,'https://cursos.alura.com.br/course/testes-automatizados-em-javascript-com-jasmine','Jasmine: Testes automatizados em JavaScript','Jasmine','ALURA'),(126,'https://cursos.alura.com.br/course/progressive-webapp-offline','Progressive Web Apps: crie apps offline','Progressive Web Apps','ALURA'),(127,'https://cursos.alura.com.br/course/web-design-responsivo','Web Design Responsivo: Páginas que se adptam do mobile ao desk','Web Design Responsivo','ALURA'),(128,'https://cursos.alura.com.br/course/projeto-carreira-front-end','Front-end: Projeto de conclusão','Front-end: Projeto de conclusão','ALURA'),(129,'https://cursos.alura.com.br/course/gulp','Gulp: automação de tarefas front-end','Gulp','ALURA'),(130,'https://cursos.alura.com.br/course/otimizacao-performance-web','Performance Web I: otimizando o front-end','Performance Web I','ALURA'),(131,'https://cursos.alura.com.br/course/performance-http2-critical-path','Performance Web II: Critical Path, HTTP/2 e Resource Hints','Performance Web II','ALURA'),(132,'https://cursos.alura.com.br/course/sass','Sass e Compass: Descomplicando o CSS','Sass e Compass','ALURA'),(133,'https://cursos.alura.com.br/course/bootstrap-criacao-single-page-responsiva','Bootstrap: criação de uma single-page responsiva','Bootstrap','ALURA'),(134,'https://cursos.alura.com.br/course/chrome-devtools','Chrome DevTools: analise, inspecione e depure suas páginas Web','Chrome DevTools','ALURA'),(135,'https://cursos.alura.com.br/course/angularjs-mvc','Angular 1: crie webapss poderosas','Angular 1','ALURA'),(136,'https://cursos.alura.com.br/course/node-js','Node.js: Inovando com Javascript no backend','Node.js','ALURA'),(137,'https://cursos.alura.com.br/course/mongodb','MongoDB: Uma alternativa aos bancos relacionais tradicionais','MongoDB','ALURA'),(138,'https://cursos.alura.com.br/course/nodejs-avancado','Node.js e HTTP: desenvolvendo uma API seguindo o estilo REST','Node.js e HTTP','ALURA'),(139,'https://cursos.alura.com.br/course/mean-javascript','MEAN Stack: criando aplicações completas com Javascript','MEAN Stack','ALURA'),(140,'https://cursos.alura.com.br/course/webpack','Webpack:Manipulando módulos na sua webapp','Webpack','ALURA'),(141,'https://cursos.alura.com.br/course/angular2-parte1','Angular 2: webapps ainda mais poderosas','Angular 2','ALURA'),(142,'https://cursos.alura.com.br/course/angular2-parte2','Angular 2: webapps ainda mais poderosas parte 2','Angular 2 parte 2','ALURA'),(143,'https://cursos.alura.com.br/course/react','React parte 1: componentes reutilizáveis para sua webapp','React parte 1','ALURA'),(144,'https://cursos.alura.com.br/course/react-parte-2','React parte 2: Container components e o ciclo de vida do react','React parte 2','ALURA'),(145,'https://cursos.alura.com.br/course/react-parte-3','React parte 3: A arquitetura flux, implementação do Redux e server side rendering','React parte 3','ALURA'),(146,'https://cursos.alura.com.br/course/vue-parte1','Vue.js parte 1: construindo Single Page Applications','Vue.js parte 1','ALURA'),(147,'https://cursos.alura.com.br/course/vue-parte2','Vue.js parte 2: contruindo Single Page Applications','Vue.js parte 2','ALURA'),(148,'https://cursos.alura.com.br/course/typescript-parte1','TypeScript parte 1: Evoluindo seu JavaScript','TypeScript parte 1','ALURA'),(149,'https://cursos.alura.com.br/course/typescript-parte2','TypeScript parte 2: Mais técnicas e boas práticas','TypeScript parte 2','ALURA'),(150,'https://cursos.alura.com.br/course/android-studio','Android I: Crie sua App fantástica com Android Studio','Android I','ALURA'),(151,'https://cursos.alura.com.br/course/android-studio-ii-integracoes-e-recursos','Android II: Integração com apps e recursos do device','Android II','ALURA'),(152,'https://cursos.alura.com.br/course/android-studio-iii-fragments-maps-gps','Andorid III: Aprimore sua app com Fragments, Google Maps e GPS','Android III','ALURA'),(153,'https://cursos.alura.com.br/course/desenvolvendo-jogos-em-android','Jogos com Android: Desenvolva seu próprio Flappy bird','Jogos com Adroid','ALURA'),(154,'https://cursos.alura.com.br/course/android-sincronizacao-com-servidor','Android com WebService parte 1: Sincronize sua app com o servidor','Android com WebServices parte 1','ALURA'),(155,'https://cursos.alura.com.br/course/android-sincronizacao-com-servidor-parte-2','Android com WebService parte 2: mais técnicas de sincronixação','Android com WebServices parte 2','ALURA'),(156,'https://cursos.alura.com.br/course/android-sincronizacao-com-servidor-parte-3','Android com WebService parte3: sincronização em modo offline','Android com WebServices parte 3','ALURA'),(157,'https://cursos.alura.com.br/course/desenvolvimento-em-swift-3-para-ios-parte1','Swift 3: desenvolvendo para iOS no Xcode parte 1','Swift 3 parte 1','ALURA'),(158,'https://cursos.alura.com.br/course/desenvolvimento-em-swift-3-para-ios-parte2','Swift 3: desenvolvendo para iOS no Xcode parte 2','Swift 3 parte 2','ALURA'),(159,'https://cursos.alura.com.br/course/desenvolvimento-em-swift-3-para-ios-parte3','Swift 3: desenvolvendo para iOS no Xcode parte 3','Swift 3 parte 3','ALURA'),(160,'https://cursos.alura.com.br/course/iosbrasil','iOS Brasil: formate datas, cpfs e números nacionais','iOS Brasil','ALURA'),(161,'https://cursos.alura.com.br/course/ios-layout','iOS layout parte 1: Começando com telas responsivas','iOS layout parte 1','ALURA'),(162,'https://cursos.alura.com.br/course/ios-layout-parte2','iOS layout parte 2: Mais recursos para criar telas responsivas','iOS layout parte 2','ALURA'),(163,'https://cursos.alura.com.br/course/ios-recursos-nativo','iOS parte 1: Usando recursos nativos','iOS layout parte 3','ALURA'),(164,'https://cursos.alura.com.br/course/android-com-kotlin-parte-1','Kotlin parte 1: Sua primeira app android na linguagem','Kotlin parte 1','ALURA'),(165,'https://cursos.alura.com.br/course/android-com-kotlin-parte-2','Kotlin parte 2 mais recursos da linguagem e boas práticas','Kotlin parte 2','ALURA'),(166,'https://cursos.alura.com.br/course/android-kotlin-parte-3','Kotlin parte 3: Técnicas avançadas na sua app','Kotlin parte 3','ALURA'),(167,'https://cursos.alura.com.br/course/cordova-phonegap','Cordova & PhoneGap: Apps mobile com HTML, CSS e JS','Cordova & PhoneGap','ALURA'),(168,'https://cursos.alura.com.br/course/xamarin-aplicativos-mobile-com-visual-studio-parte-1','Xamarin parte 1: crie aplicativos mobile com Visual Studio','Xamarin parte 1','ALURA'),(169,'https://cursos.alura.com.br/course/xamarin-aplicativos-mobile-com-visual-studio-parte-2','Xamarin parte 2: crie aplicativos mobile com Visual Studio','Xamarin parte 2','ALURA'),(170,'https://cursos.alura.com.br/course/xamarin-aplicativos-mobile-com-visual-studio-parte-3','Xamarin parte 3: crie aplicativos mobile com Visual Studio','Xamarin parte 3','ALURA'),(171,'https://cursos.alura.com.br/course/xamarin-aplicativos-mobile-com-visual-studio-parte-4','Xamarin parte 4: crie aplicativos mobile com Visual Studio','Xamarin parte 4','ALURA'),(172,'https://cursos.alura.com.br/course/ionic2-parte1','Ionic 2 parte 1: aplicações híbridas mobile ainda mais poderosas','Ionic 2 parte 1','ALURA'),(173,'https://cursos.alura.com.br/course/ionic2-parte2','Ionic 2 parte 2: aplicações híbridas mobile ainda mais poderosas','Ionic 2 parte 2','ALURA'),(174,'https://cursos.alura.com.br/course/ionic3-parte1','Ionic 3 parte 1: aplicações híbridas mobile ainda mais poderosas','Ionic 3 parte 1','ALURA');
/*!40000 ALTER TABLE `curso` ENABLE KEYS */;
UNLOCK TABLES;

--
-- Table structure for table `curso_carreiras`
--

DROP TABLE IF EXISTS `curso_carreiras`;
/*!40101 SET @saved_cs_client     = @@character_set_client */;
/*!40101 SET character_set_client = utf8 */;
CREATE TABLE `curso_carreiras` (
  `curso_id` bigint(20) NOT NULL,
  `carreiras_id` bigint(20) NOT NULL,
  KEY `FK78io3vbbrepcr9u93s7mwb23a` (`carreiras_id`),
  KEY `FKox2f96lsal19m93eeneyw777e` (`curso_id`),
  CONSTRAINT `FK78io3vbbrepcr9u93s7mwb23a` FOREIGN KEY (`carreiras_id`) REFERENCES `carreira` (`id`),
  CONSTRAINT `FKox2f96lsal19m93eeneyw777e` FOREIGN KEY (`curso_id`) REFERENCES `curso` (`id`)
) ENGINE=InnoDB DEFAULT CHARSET=latin1;
/*!40101 SET character_set_client = @saved_cs_client */;

--
-- Dumping data for table `curso_carreiras`
--

LOCK TABLES `curso_carreiras` WRITE;
/*!40000 ALTER TABLE `curso_carreiras` DISABLE KEYS */;
INSERT INTO `curso_carreiras` VALUES (1,7),(2,7),(3,7),(4,7),(5,7),(5,34),(5,4),(5,32),(5,40),(5,38),(5,30),(6,8),(7,8),(8,8),(9,8),(10,8),(11,18),(11,15),(11,9),(11,40),(11,30),(11,28),(12,9),(13,9),(14,18),(14,46),(14,9),(15,9),(16,9),(16,41),(17,11),(17,10),(17,29),(18,11),(18,10),(18,29),(19,10),(20,10),(21,10),(22,10),(23,10),(24,10),(25,10),(26,11),(26,10),(26,29),(27,11),(28,11),(29,11),(30,12),(31,12),(32,12),(33,12),(34,12),(35,13),(36,13),(37,13),(38,13),(39,13),(40,13),(41,14),(42,14),(43,14),(44,14),(45,14),(46,5),(46,15),(47,5),(47,15),(48,5),(48,15),(49,15),(49,17),(50,15),(51,16),(52,16),(53,16),(54,16),(55,16),(56,17),(57,17),(58,17),(59,17),(60,17),(61,17),(62,18),(62,22),(63,18),(64,18),(65,18),(66,19),(67,19),(68,19),(69,19),(70,20),(71,20),(71,28),(72,20),(72,28),(73,20),(73,28),(74,20),(75,20),(76,20),(77,21),(78,21),(79,21),(80,21),(81,21),(82,22),(83,22),(84,22),(85,22),(85,52),(86,23),(87,23),(88,23),(89,23),(90,23),(91,23),(92,23),(93,23),(94,23),(95,24),(96,24),(97,24),(98,24),(99,24),(100,24),(101,24),(102,25),(103,25),(104,26),(105,26),(106,27),(106,50),(107,27),(107,50),(108,27),(109,27),(110,27),(111,50),(111,51),(112,27),(112,51),(113,27),(113,51),(114,28),(115,28),(116,29),(117,29),(118,30),(119,32),(119,30),(120,32),(120,30),(121,30),(122,37),(122,36),(122,31),(122,39),(123,37),(123,36),(123,31),(123,39),(124,37),(124,36),(124,31),(124,39),(125,31),(126,31),(127,32),(128,32),(129,33),(130,33),(131,33),(132,33),(133,33),(134,33),(135,35),(135,34),(136,35),(136,40),(137,35),(137,40),(138,35),(138,40),(139,35),(140,38),(140,37),(140,36),(141,36),(141,6),(142,36),(143,37),(144,37),(145,37),(146,38),(147,38),(148,39),(149,39),(150,1),(151,1),(152,1),(153,1),(154,1),(155,1),(156,1),(157,2),(158,2),(159,2),(160,2),(161,2),(162,2),(163,2),(164,3),(165,3),(166,3),(167,4),(168,5),(169,5),(170,5),(171,5),(172,6),(173,6),(174,6);
/*!40000 ALTER TABLE `curso_carreiras` ENABLE KEYS */;
UNLOCK TABLES;

--
-- Table structure for table `curso_ferramentas`
--

DROP TABLE IF EXISTS `curso_ferramentas`;
/*!40101 SET @saved_cs_client     = @@character_set_client */;
/*!40101 SET character_set_client = utf8 */;
CREATE TABLE `curso_ferramentas` (
  `curso_id` bigint(20) NOT NULL,
  `ferramentas_id` bigint(20) NOT NULL,
  KEY `FK4d977o6jn3a4ritew19jk7r69` (`ferramentas_id`),
  KEY `FKkqxmafhao5iksfadgcliv6qsd` (`curso_id`),
  CONSTRAINT `FK4d977o6jn3a4ritew19jk7r69` FOREIGN KEY (`ferramentas_id`) REFERENCES `ferramenta` (`id`),
  CONSTRAINT `FKkqxmafhao5iksfadgcliv6qsd` FOREIGN KEY (`curso_id`) REFERENCES `curso` (`id`)
) ENGINE=InnoDB DEFAULT CHARSET=latin1;
/*!40101 SET character_set_client = @saved_cs_client */;

--
-- Dumping data for table `curso_ferramentas`
--

LOCK TABLES `curso_ferramentas` WRITE;
/*!40000 ALTER TABLE `curso_ferramentas` DISABLE KEYS */;
INSERT INTO `curso_ferramentas` VALUES (1,4),(1,12),(2,4),(2,12),(2,144),(3,12),(3,13),(4,12),(4,13),(5,12),(5,13),(5,4),(6,1),(7,1),(8,1),(9,1),(10,1),(11,31),(12,1),(12,69),(12,70),(12,31),(12,90),(13,1),(13,69),(13,70),(14,19),(14,17),(15,1),(15,28),(15,17),(16,32),(17,1),(17,27),(17,24),(17,181),(18,1),(18,27),(18,24),(18,181),(19,1),(19,30),(19,90),(19,27),(19,163),(19,145),(20,1),(20,30),(20,27),(20,24),(20,37),(21,1),(21,30),(21,27),(21,24),(21,72),(21,33),(21,71),(21,23),(22,1),(22,30),(22,27),(22,24),(22,146),(23,1),(23,30),(23,27),(23,24),(23,147),(23,41),(23,54),(24,1),(24,30),(24,27),(24,24),(24,147),(24,83),(24,40),(24,39),(24,55),(24,148),(25,1),(25,71),(25,27),(25,24),(25,29),(25,156),(25,77),(25,149),(25,150),(26,1),(26,33),(26,85),(27,1),(27,73),(27,27),(27,24),(28,1),(28,73),(28,27),(28,24),(28,147),(28,36),(29,1),(29,38),(29,27),(29,24),(30,1),(30,41),(30,151),(30,147),(30,31),(30,152),(31,1),(31,150),(31,149),(32,1),(32,153),(32,78),(32,40),(32,83),(32,154),(33,1),(33,79),(33,31),(33,155),(33,150),(33,40),(34,1),(34,80),(34,147),(34,156),(35,1),(35,157),(36,1),(36,83),(36,158),(36,155),(36,152),(37,1),(37,84),(38,1),(38,84),(38,159),(39,1),(39,85),(40,1),(40,86),(41,1),(41,160),(42,1),(42,160),(43,1),(43,81),(44,1),(44,161),(44,87),(45,1),(45,161),(45,88),(45,162),(46,2),(46,66),(47,2),(48,2),(49,2),(49,92),(49,19),(50,2),(50,50),(50,90),(50,163),(50,35),(50,147),(50,31),(51,2),(51,160),(52,2),(52,160),(53,2),(53,81),(54,2),(54,161),(54,87),(55,2),(55,157),(56,22),(56,19),(57,2),(57,89),(57,22),(57,19),(58,2),(58,93),(58,22),(58,19),(58,83),(59,2),(59,93),(59,22),(59,19),(60,2),(60,92),(60,22),(60,19),(61,2),(61,92),(61,22),(61,19),(62,10),(62,17),(62,19),(62,12),(62,31),(63,10),(63,17),(63,19),(63,12),(63,31),(63,164),(64,10),(65,10),(66,10),(66,160),(67,10),(67,160),(68,10),(68,81),(69,10),(69,161),(69,87),(70,3),(71,3),(72,3),(73,3),(74,3),(74,26),(74,12),(74,31),(74,19),(75,3),(75,160),(76,3),(76,160),(77,9),(78,9),(79,9),(80,9),(80,90),(80,12),(80,31),(80,36),(81,9),(82,95),(82,12),(82,13),(83,95),(83,12),(83,13),(84,95),(84,12),(84,13),(84,10),(85,95),(85,31),(86,1),(86,165),(87,1),(87,165),(88,1),(88,165),(89,1),(89,165),(90,1),(90,165),(91,1),(91,165),(92,1),(92,165),(93,1),(93,165),(94,1),(94,165),(95,43),(95,11),(96,43),(96,11),(97,53),(97,3),(97,166),(98,53),(98,3),(98,166),(99,53),(99,1),(100,96),(100,167),(101,96),(101,167),(102,97),(102,4),(103,97),(103,4),(104,98),(105,98),(106,44),(106,52),(107,44),(107,49),(107,52),(108,52),(108,48),(108,47),(108,52),(109,45),(109,46),(109,48),(109,52),(110,99),(110,182),(110,52),(111,46),(111,49),(111,52),(111,168),(111,3),(112,46),(112,49),(112,52),(112,100),(112,3),(113,46),(113,49),(113,52),(113,3),(113,25),(114,3),(114,25),(114,31),(114,12),(115,3),(115,25),(115,31),(115,12),(115,4),(115,17),(115,19),(116,1),(116,31),(116,17),(116,19),(116,12),(116,36),(117,1),(117,31),(117,17),(117,19),(117,12),(117,36),(118,4),(118,12),(119,4),(119,12),(119,13),(119,35),(120,4),(120,12),(120,13),(120,35),(120,163),(120,31),(121,4),(121,12),(121,13),(121,35),(121,163),(121,31),(122,4),(122,12),(122,13),(123,4),(123,12),(123,13),(123,31),(123,163),(124,4),(124,12),(124,13),(124,31),(124,163),(124,169),(124,170),(125,4),(125,161),(125,87),(125,101),(126,4),(126,102),(127,4),(127,12),(127,13),(127,171),(128,4),(128,12),(128,13),(129,4),(129,103),(130,4),(130,12),(130,13),(130,31),(131,4),(131,12),(131,13),(131,31),(132,12),(132,13),(132,31),(132,104),(132,105),(133,4),(133,12),(133,13),(133,36),(134,4),(134,12),(134,13),(134,31),(134,106),(135,4),(135,90),(135,12),(135,31),(135,68),(136,95),(136,12),(136,13),(137,20),(137,172),(138,4),(138,107),(138,31),(138,17),(138,54),(138,150),(139,4),(139,68),(139,20),(139,173),(139,107),(140,4),(140,12),(140,13),(141,4),(141,68),(142,4),(142,68),(142,35),(142,113),(143,108),(143,4),(143,12),(143,13),(144,108),(144,4),(144,12),(144,13),(144,174),(145,108),(145,4),(145,12),(145,13),(145,110),(146,112),(146,4),(146,170),(146,109),(147,112),(147,4),(147,13),(147,104),(148,4),(148,113),(148,35),(149,4),(149,113),(149,35),(150,56),(150,57),(150,1),(151,56),(151,57),(151,1),(152,56),(152,57),(152,1),(152,58),(153,56),(153,57),(153,1),(154,56),(154,57),(154,1),(154,175),(154,176),(154,177),(155,56),(155,57),(155,1),(156,56),(156,57),(156,1),(157,15),(157,62),(157,143),(158,15),(158,62),(158,143),(159,15),(159,62),(159,143),(160,15),(160,62),(160,143),(161,15),(161,62),(161,143),(162,15),(162,62),(162,143),(163,15),(163,62),(163,143),(163,178),(163,31),(164,14),(164,57),(164,56),(165,14),(165,57),(165,56),(166,14),(166,57),(166,56),(167,4),(167,63),(167,179),(167,12),(167,13),(167,56),(167,62),(167,54),(167,163),(168,65),(168,2),(168,66),(169,65),(169,2),(169,66),(169,31),(169,54),(170,65),(170,2),(170,66),(170,31),(171,65),(171,2),(171,66),(171,180),(172,67),(172,68),(172,31),(173,67),(173,68),(173,31),(173,56),(173,62),(174,67),(174,68),(174,31);
/*!40000 ALTER TABLE `curso_ferramentas` ENABLE KEYS */;
UNLOCK TABLES;

--
-- Table structure for table `ferramenta`
--

DROP TABLE IF EXISTS `ferramenta`;
/*!40101 SET @saved_cs_client     = @@character_set_client */;
/*!40101 SET character_set_client = utf8 */;
CREATE TABLE `ferramenta` (
  `id` bigint(20) NOT NULL AUTO_INCREMENT,
  `categoria` varchar(255) DEFAULT NULL,
  `descricao` longtext,
  `nome` varchar(255) DEFAULT NULL,
  PRIMARY KEY (`id`)
) ENGINE=InnoDB AUTO_INCREMENT=183 DEFAULT CHARSET=latin1;
/*!40101 SET character_set_client = @saved_cs_client */;

--
-- Dumping data for table `ferramenta`
--

LOCK TABLES `ferramenta` WRITE;
/*!40000 ALTER TABLE `ferramenta` DISABLE KEYS */;
INSERT INTO `ferramenta` VALUES (1,'LINGUAGEM_DE_PROGRAMACAO','Java é uma linguagem de programação interpretada orientada a objetos desenvolvida na década de 90 e diferente das linguagens de programação convencionais, que são compiladas para código nativo, a linguagem Java é compilada para um bytecode que é interpretado por uma máquina virtual (Java Virtual Machine, mais conhecida pela sua abreviação JVM). A linguagem de programação Java é a linguagem convencional da Plataforma Java, mas não é a sua única linguagem. O foco da plataforma é outro: aplicações de médio a grande porte, onde o time de desenvolvedores tem várias pessoas e sempre pode vir a mudar e crescer. Não tenha dúvidas que criar a primeira versão de uma aplicação usando Java, mesmo utilizando IDEs e ferramentas poderosas, será mais trabalhoso que muitas linguagens script ou de alta produtividade. Porém, com uma linguagem orientada a objetos e madura como o Java, será extremamente mais fácil e rápido fazer alterações no sistema, desde que você siga as boas práticas e recomendações sobre design orientado a objetos. Além disso, a quantidade enorme de bibliotecas gratuitas para  realizar os mais diversos trabalhos (tais como  relatórios, gráficos, sistemas de busca, geração de código de barra, manipulação de XML, tocadores de vídeo, manipuladores de texto, persistência transparente, impressão, etc) é um ponto fortíssimo para adoção do Java: você pode criar uma aplicação sofisticada, usando diversos recursos, sem precisar comprar um componente específico, que costuma ser caro. O ecossistema do Java é enorme. Cada linguagem tem seu espaço e seu melhor uso. O uso do Java é interessante em aplicações que virão a crescer, em que a legibilidade do código é importante, onde temos muita conectividade e se há muitas plataformas (ambientes e sistemas operacionais) heterogêneas (Linux, Unix, OSX e Windows misturados). [fonte: apostila FJ11]','Java'),(2,'LINGUAGEM_DE_PROGRAMACAO','C# (lê-se \"cê xarpe\") é uma linguagem de programação, multi-paradigma, fortemente \'tipada\', e, possuindo paradigmas de programação imperativa, funcional, declarativa, orientada a objetos e genérica, C# foi desenvolvida pela Microsoft como parte da plataforma .NET. A sua sintaxe orientada a objetos foi baseada no C++ mas inclui muitas influências de outras linguagens de programação, como Object Pascal e, principalmente, Java. O código fonte é compilado para Common Intermediate Language (CIL) que é interpretado pela máquina virtual Common Language Runtime (CLR). C# é uma das linguagens projetadas para funcionar na Common Language Infrastructure da plataforma .NET Framework. [fonte: Wikipedia]','C#'),(3,'LINGUAGEM_DE_PROGRAMACAO','Python é uma linguagem de programação de alto nível, interpretada, de script, imperativa, orientada a objetos, funcional, de tipagem dinâmica e forte. Foi lançada por Guido van Rossum em 1991. Atualmente possui um modelo de desenvolvimento comunitário, aberto e gerenciado pela organização sem fins lucrativos Python Software Foundation. Apesar de várias partes da linguagem possuírem padrões e especificações formais, a linguagem como um todo não é formalmente especificada. O padrão de facto é a implementação Cpython. A linguagem foi projetada com a filosofia de enfatizar a importância do esforço do programador sobre o esforço computacional. Prioriza a legibilidade do código sobre a velocidade ou expressividade. Combina uma sintaxe concisa e clara com os recursos poderosos de sua biblioteca padrão e por módulos e frameworks desenvolvidos por terceiros. Python é uma linguagem de propósito geral, possui tipagem dinâmica e uma de suas principais características é permitir a fácil leitura do código e exigir poucas linhas de código se comparado ao mesmo programa em outras linguagens. Devido às suas características, ela é principalmente utilizada para processamento de textos, dados científicos e criação de CGIs para páginas dinâmicas para a web. [fonte: Wikipedia]','Python'),(4,'LINGUAGEM_DE_PROGRAMACAO','JavaScript é uma linguagem de programação interpretada. Foi originalmente implementada como parte dos navegadores web para que scripts pudessem ser executados do lado do cliente e interagissem com o usuário sem a necessidade deste script passar pelo servidor, controlando o navegador, realizando comunicação assíncrona e alterando o conteúdo do documento exibido. É atualmente a principal linguagem para programação client-side em navegadores web. Começa também a ser bastante utilizada do lado do servidor através de ambientes como o node.js. Foi concebida para ser uma linguagem script com orientação a objetos baseada em protótipos, tipagem fraca e dinâmica e funções de primeira classe. Possui suporte à programação funcional e apresenta recursos como fechamentos e funções de alta ordem comumente indisponíveis em linguagens populares como Java e C++. [fonte: Wikipedia]','JavaScript'),(5,'LINGUAGEM_DE_PROGRAMACAO','descrição C++','C++'),(6,'LINGUAGEM_DE_PROGRAMACAO','descrição C','C'),(7,'LINGUAGEM_DE_PROGRAMACAO','descrição Haskell','Haskell'),(8,'LINGUAGEM_DE_PROGRAMACAO','descrição Lisp','Lisp'),(9,'LINGUAGEM_DE_PROGRAMACAO','descrição Ruby','Ruby'),(10,'LINGUAGEM_DE_PROGRAMACAO','descrição PHP','PHP'),(11,'LINGUAGEM_DE_PROGRAMACAO','R é uma linguagem e também um ambiente de desenvolvimento integrado para cálculos estatísticos e gráficos. O código fonte do R está disponível sob a licença GNU GPL e as versões binárias pré-compiladas são fornecidas para Windows, Macintosh, e muitos sistemas operacionais Unix/Linux. A linguagem R é largamente usada entre estatísticos e analistas de dados para desenvolver software de estatística e análise de dados. Pesquisas e levantamentos com profissionais da área mostram que a popularidade do R aumentou substancialmente nos últimos anos. [fonte: Wikipedia]','R'),(12,'LINGUAGEM_DE_MARCACAO','descrição HTML','HTML'),(13,'FOLHA_DE_ESTILO','Cascading Style Sheets (CSS) é um simples mecanismo para adicionar estilo (cores, fontes, espaçamento, etc.) a um documento web. Definição de estilo é um conjunto de propriedades visuais para um elemento, o CSS define regras que fazem as definições de estilo casarem com um elemento ou grupo de elemento, o documento pode conter um bloco de CSS num elemento style ou usando o element link apontando para um arquivo externo que contenha o bloco CSS. Com a variação de atualizações dos navegadores, o suporte ao CSS pode variar. [fonte: Wikipedia]','CSS'),(14,'LINGUAGEM_DE_PROGRAMACAO','descrição Kotlin','Kotlin'),(15,'LINGUAGEM_DE_PROGRAMACAO','descrição Swift','Swift'),(16,'LINGUAGEM_DE_PROGRAMACAO','descrição Objective-C','Objective-C'),(17,'BANCO_DE_DADOS','O MySQL é um sistema de gerenciamento de banco de dados (SGBD), que utiliza a linguagem SQL (Linguagem de Consulta Estruturada, do inglês Structured Query Language) como interface. É atualmente um dos sistemas de gerenciamento de bancos de dados mais populares, com mais de 10 milhões de instalações pelo mundo. O sucesso do MySQL deve-se em grande medida à fácil integração com o PHP incluído, quase que obrigatoriamente, nos pacotes de hospedagem de sites da Internet oferecidos atualmente. Dentre as principais características estão: Portabilidade (suporta praticamente qualquer plataforma atual); Compatibilidade (existem drivers ODBC, JDBC e .NET e módulos de interface para diversas linguagens de programação, como Delphi, Java, C/C++, C#, Visual Basic, Python, Perl, PHP, ASP e Ruby) e contempla a utilização de vários Storage Engines como MyISAM, InnoDB, Falcon, BDB, Archive, Federated, CSV, Solid, etc... É de fácil manuseio e possui excelente desempenho e estabilidade. Suporta controle transacional, triggers, ccrsors, stored procedures e functions. [fonte: Wikipedia].','MySQL'),(18,'BANCO_DE_DADOS','Descrição Oracle','Oracle'),(19,'OUTROS','descrição SQL','SQL'),(20,'BANCO_DE_DADOS','descrição MongoDB','MongoDB'),(21,'BANCO_DE_DADOS','descrição MariaDB','MariaDB'),(22,'BANCO_DE_DADOS','descrição SQLServer','SQLServer'),(23,'FRAMEWORK','O Spring é um framework open source para a plataforma Java baseado nos padrões de projeto inversão de controle (IoC) e injeção de dependência. Esse framework oferece diversos módulos que podem ser utilizados de acordo com as necessidades do projeto, como módulos voltados para desenvolvimento Web, persistência, acesso remoto e programação orientada a aspectos. [fonte: Wikipedia]','Spring'),(24,'FRAMEWORK','descrição hibernate','Hibernate'),(25,'FRAMEWORK','Flask é um pequeno framework web escrito em Python e baseado na biblioteca WSGI Werkzeug e na biblioteca de Jinja2. Flask tem a flexibilidade da linguagem de programação Python e provê um modelo simples para desenvolvimento web. Uma vez importando no Python, Flask pode ser usado para economizar tempo construindo aplicações web. É chamado de microframework porque mantem um núcleo simples mas estendível. Não há uma camada de abstração do banco de dados, validação de formulários, ou qualquer outro componente onde bibliotecas de terceiros existem para prover a funcionalidade. Assim, Flask suporta extensões capazes de adicionar tais funcionalidades na aplicação final. Há uma vasta coleção de bibliotecas para resolver essas questões em Python, isso simplifica o framework e torna sua curva de aprendizado mais suave. [fonte: Wikipedia]','Flask'),(26,'FRAMEWORK','Django é um framework para desenvolvimento rápido para web, escrito em Python, que utiliza o padrão model-template-view (MTV). Django utiliza o princípio DRY (Don\'t Repeat Yourself), onde faz com que o desenvolvedor aproveite ao máximo o código já feito, evitando a repetição. [fonte: Wikipedia]','Django'),(27,'OUTROS','descrição JPA','JPA'),(28,'OUTROS','descrição JDBC','JDBC'),(29,'OUTROS','descrição JTA','JTA'),(30,'FRAMEWORK','descrição JSF','JSF'),(31,'PROTOCOLO','O Hypertext Transfer Protocol, sigla HTTP (em português Protocolo de Transferência de Hipertexto) é um protocolo de comunicação (na camada de aplicação segundo o Modelo OSI) utilizado para sistemas de informação de hipermídia, distribuídos e colaborativos. Ele é a base para a comunicação de dados da World Wide Web. Hipertexto é o texto estruturado que utiliza ligações lógicas (hiperlinks) entre nós contendo texto. O HTTP é o protocolo para a troca ou transferência de hipertexto. O HTTP funciona como um protocolo de requisição-resposta no modelo computacional cliente-servidor. Um navegador web, por exemplo, pode ser o cliente e uma aplicação em um computador que hospeda um sítio da web pode ser o servidor. O cliente submete uma mensagem de requisição HTTP para o servidor. O servidor, que fornece os recursos, como arquivos HTML e outros conteúdos, ou realiza outras funções de interesse do cliente, retorna uma mensagem resposta para o cliente. A resposta contém informações de estado completas sobre a requisição e pode também conter o conteúdo solicitado no corpo de sua mensagem. [fonte: Wikipedia]','HTTP'),(32,'VERSIONAMENTO','descrição GIT','Git'),(33,'BUILD','descrição Maven','Maven'),(34,'FRAMEWORK','descrição Play Framework','Play Framework'),(35,'BIBLIOTECA','jQuery é uma biblioteca de funções JavaScrip que interage com o HTML, desenvolvida para simplificar os scripts interpretados no navegador do cliente. Usada por cerca de 77% dos 10 mil sites mais visitados do mundo, jQuery é a mais popular das bibliotecas JavaScript. A sintaxe do jQuery foi desenvolvida para tornar mais simples a navegação do documento HTML, a seleção de elementos DOM, criar animações, manipular eventos, desenvolver aplicações AJAX e criação de plugins sobre ela. Tais facilidades permitem aos desenvolvedores criarem camadas de abstração para interações de baixo nível de modo simplificado em aplicações web dinâmicas de grande complexidade.[fonte: Wikipedia]','Jquery'),(36,'FRAMEWORK','descrição Bootstrap','Bootstrap'),(37,'FRAMEWORK','descrição primefaces','Primefaces'),(38,'FRAMEWORK','descrição Spring Boot','Spring Boot'),(39,'ESPECIFICACAO','descrição JAAS','JAAS'),(40,'ESPECIFICACAO','descrição JMS','JMS'),(41,'ESPECIFICACAO','descrição JAS-RS','JAX-RS'),(42,'OUTROS','descrição IA','IA'),(43,'OUTROS','descrição Estatística','Estatística'),(44,'OUTROS','descrição Arduino','Arduino'),(45,'OUTROS','descrição Amazon Alexa','Amazon Alexa'),(46,'OUTROS','descrição Raspberry Pi','Raspberry Pi'),(47,'PROTOCOLO','descrição MQTT','MQTT'),(48,'OUTROS','descrição NodeMcu','NodeMcu'),(49,'OUTROS','descrição Robótica','Robótica'),(50,'BIBLIOTECA','descrição ASP .NET','ASP .NET'),(51,'FRAMEWORK','descrição .NET','.NET'),(52,'OUTROS','descrição IoT','IoT'),(53,'OUTROS','descrição Machine Learning','Machine Learning'),(54,'OUTROS','descrição REST','REST'),(55,'OUTROS','descrição WebSockets','WebSockets'),(56,'OUTROS','descrição Android','Android'),(57,'OUTROS','descrição Android Studio','Android Studio'),(58,'OUTROS','descrição Fragments','Fragments'),(59,'OUTROS','descrição Google Maps','Google Maps'),(60,'OUTROS','descrição GPS','GPS'),(61,'OUTROS','descrição Jogos','Jogos'),(62,'OUTROS','descrição iOS','iOS'),(63,'OUTROS','descrição Cordova','Cordova'),(64,'OUTROS','descrição phoneGap','PhoneGap'),(65,'OUTROS','descrição Xamarin','Xamarin'),(66,'OUTROS','descrição Visual Studio','Visual Studio'),(67,'OUTROS','descrição Ionic','Ionic'),(68,'OUTROS','descrição Angular','Angular'),(69,'OUTROS','descrição JSP','JSP'),(70,'OUTROS','descrição JSTL','JSTL'),(71,'OUTROS','descrição EJB','EJB'),(72,'OUTROS','descrição CDI','CDI'),(73,'OUTROS','descrição Spring MVC','Spring MVC'),(74,'OUTROS','descrição Spring Security','Spring Security'),(75,'OUTROS','descrição Spring Data','Spring Data'),(76,'OUTROS','descrição Jersey','Jersey'),(77,'OUTROS','descrição JAX-WS','JAX-WS'),(78,'OUTROS','descrição ActiveMQ','ActiveMQ'),(79,'OUTROS','descrição Apache Camel','Apache Camel'),(80,'OUTROS','descrição Rest Assured','Rest Assured'),(81,'OUTROS','descrição SOLID','SOLID'),(82,'OUTROS','descrição Java reflection','Java Reflection'),(83,'OUTROS','descrição XML','XML'),(84,'OUTROS','descrição Threads','Threads'),(85,'IDE','descrição Eclipse','Eclipse'),(86,'IDE','descrição intelliJ IDEA','IntelliJ IDEA'),(87,'OUTROS','descrição TDD','TDD'),(88,'OUTROS','descrição teste de integração','Teste de Integração'),(89,'FRAMEWORK','descrição entity framework','Entity Framework'),(90,'OUTROS','descrição MVC','MVC'),(91,'OUTROS','descrição C# Reflection','C# Reflection'),(92,'OUTROS','descrição Entity Framework core','Entity Framework Core'),(93,'OUTROS','descrição LinQ','Entity LinQ'),(94,'OUTROS','descrição Ruby on rails','Ruby on Rails'),(95,'OUTROS','descrição wordpress','Wordpress'),(96,'OUTROS','descrição Chatbot','Chatbot'),(97,'OUTROS','descrição Cocos Creator','Cocos Creator'),(98,'OUTROS','descrição Unity','Unity'),(99,'OUTROS','descrição Amazon IoT','Amazon IoT'),(100,'OUTROS','descrição GPIO','GPIO'),(101,'OUTROS','descrição Jasmine','Jasmine'),(102,'OUTROS','descrição progressive web apps','Progressive Web Apps'),(103,'OUTROS','descrição Gulp','Gulp'),(104,'OUTROS','descrição Sass','Sass'),(105,'OUTROS','descrição Compass','Compass'),(106,'OUTROS','descrição Chrome Dev Tools','Chrome Dev Tools'),(107,'OUTROS','descrição Node.js','Node.js'),(108,'OUTROS','descrição react','React'),(109,'OUTROS','descrição Webpack','Webpack'),(110,'OUTROS','descrição redux','Redux'),(111,'OUTROS','descrição Arquitetura flux','Arquitetura flux'),(112,'OUTROS','descrição vue.js','Vue.js'),(113,'OUTROS','descrição typeScript','TypeScript'),(114,'OUTROS','descrição Linux','Linux'),(115,'OUTROS','descrição Vangrant','Vangrant'),(116,'OUTROS','descrição Ansible','Ansible'),(117,'OUTROS','descrição Docker','Docker'),(118,'OUTROS','descrição kubernetes','Kubernetes'),(119,'OUTROS','descrição AWS S3','AWS S3'),(120,'OUTROS','descrição Amazon EC2','Amazon EC2'),(121,'OUTROS','descrição Amazon AWS','Amazon AWS'),(122,'OUTROS','descrição Cisco CCNA','Cisco CCNA'),(123,'OUTROS','descrição network fundamentals','Network Fundamentals'),(124,'OUTROS','descrição LAN Switching fundamentals','LAN Switching Fundamentals'),(125,'OUTROS','descrição routing fundamentals','Routing Fundamentals'),(126,'OUTROS','descrição Infrastructure Services','Infrastructure Services'),(127,'OUTROS','descrição infrastructure Maintence','Infrastructure Maintence'),(128,'OUTROS','descrição powershell','Powershell'),(129,'OUTROS','descrição jobs','Jobs'),(130,'OUTROS','descrição script','Script'),(131,'OUTROS','descrição redes','Redes'),(132,'OUTROS','descrição Ipv6','Ipv6'),(133,'OUTROS','descrição OWASP','OWASP'),(134,'OUTROS','descrição pfSense','pfSense'),(135,'OUTROS','descrição iptables','iptables'),(136,'OUTROS','descrição firewall','Firewall'),(137,'OUTROS','descrição segurança','Segurança'),(138,'OUTROS','descrição XSS','XSS'),(139,'OUTROS','descrição Mass Assigment','Mass Assigment'),(140,'OUTROS','descrição PL/SQL','PL/SQL'),(141,'OUTROS','descrição Home Assistant','Home Assistant'),(142,'OUTROS','descrição CPIO','CPIO'),(143,'OUTROS','descrição Xcode','Xcode'),(144,'OUTROS','descrição Canvas','Canvas'),(145,'OUTROS','descrição Facelets','Facelets'),(146,'OUTROS','descrição BeanValidation','BeanValidation'),(147,'OUTROS','descrição json','JSON'),(148,'OUTROS','descrição WildFly','WildFly'),(149,'OUTROS','descrição WSDL','WSDL'),(150,'OUTROS','descrição SOAP','SOAP'),(151,'OUTROS','descrição Grizzly','Grizzly'),(152,'OUTROS','descrição JAXB','JAXB'),(153,'OUTROS','descrição mensageria','Mensageria'),(154,'OUTROS','descrição DLQ','DLQ'),(155,'OUTROS','descrição XSLT','XSLT'),(156,'OUTROS','descrição Web Services','Web Services'),(157,'OUTROS','descrição reflection','Reflection'),(158,'OUTROS','Descrição xsd','XSD'),(159,'OUTROS','descrição sockets','Sockets'),(160,'OUTROS','descrição design patterns','Design Patterns'),(161,'OUTROS','descrição testes','Testes'),(162,'OUTROS','descrição Mock','Mock'),(163,'OUTROS','descrição AJAX','AJAX'),(164,'OUTROS','descrição SMTP','SMTP'),(165,'OUTROS','descrição certificação','Certificação'),(166,'OUTROS','descrição CSV','CSV'),(167,'OUTROS','descrição Watson','Watson'),(168,'OUTROS','descrição RetroPie','RetroPie'),(169,'OUTROS','descrição IndexDB','IndexDB'),(170,'OUTROS','descrição Babel','Babel'),(171,'OUTROS','descrição web design responsivo','Web Design Responsivo'),(172,'OUTROS','descrição NoSQL','NoSQL'),(173,'OUTROS','descrição express','Express'),(174,'OUTROS','descrição JWT','JWT'),(175,'OUTROS','descrição retrofit','Retrofit'),(176,'OUTROS','descrição migration','Migration'),(177,'OUTROS','descrição UUID','UUID'),(178,'OUTROS','descrição core data','Core Data'),(179,'OUTROS','descrição HoneGap','HoneGap'),(180,'OUTROS','descrição SQLite','SQLite'),(181,'OUTROS','descrição JPQL','JPQL'),(182,'OUTROS','descrição DynamoDB','DynamoDB');
/*!40000 ALTER TABLE `ferramenta` ENABLE KEYS */;
UNLOCK TABLES;
/*!40103 SET TIME_ZONE=@OLD_TIME_ZONE */;

/*!40101 SET SQL_MODE=@OLD_SQL_MODE */;
/*!40014 SET FOREIGN_KEY_CHECKS=@OLD_FOREIGN_KEY_CHECKS */;
/*!40014 SET UNIQUE_CHECKS=@OLD_UNIQUE_CHECKS */;
/*!40101 SET CHARACTER_SET_CLIENT=@OLD_CHARACTER_SET_CLIENT */;
/*!40101 SET CHARACTER_SET_RESULTS=@OLD_CHARACTER_SET_RESULTS */;
/*!40101 SET COLLATION_CONNECTION=@OLD_COLLATION_CONNECTION */;
/*!40111 SET SQL_NOTES=@OLD_SQL_NOTES */;

-- Dump completed on 2018-03-15 15:59:06
